h_m,tau_s,X_db,T_a_c,T_p_c,Y_kg_kg_da,dX_dh_current,dY_dh_current,dT_p_dh_current,dT_p_dh_matlab_like,dT_p_dh_delta,dH_h_dh_current,dH_h_dh_matlab_like,dT_a_dh_current,dT_a_dh_matlab_like,h_fg_current_j_kg,h_fg_particle_j_kg,q_sorption_j_kg
0.0,0.0,1.4999999999999998,190.0,40.0,0.0057,-8.62271122868327,0.09786639405560901,119.1151010814588,119.1151010814588,0.0,-75982.19132152699,-75982.19132152699,-350.43067615615684,-351.23012041444304,1982133.8258250002,2405540.175825,0.0
0.01680672268907563,0.0033613445378151254,1.3783827683391001,184.5365563566038,46.30330553806078,0.007080336138137779,-6.382716540647817,0.07244281242243113,487.0278749798972,487.0278749798967,5.115907697472721e-13,-103547.34721348449,-103547.34721348446,-304.3300350578161,-306.2074499003147,2000264.0963103296,2390854.5496560764,0.0
0.03361344537815126,0.006722689075630251,1.2768801299374535,179.67693364799925,54.1544602974202,0.008232374858216367,-5.753910342205365,0.06530596258839398,435.64296897168447,435.6429689716842,2.8421709430404007e-13,-95335.20294847235,-95335.20294847232,-275.0979420204862,-277.80562410315173,2016218.53541524,2372181.5269765044,0.0
0.05042016806722689,0.010084033613445377,1.1841674977053427,175.26237562277362,60.87656714373816,0.009284648413403722,-5.290186995643674,0.06004277673376083,365.63470894479224,365.63470894479224,0.0,-86585.70865526181,-86585.70865526181,-250.8858928814665,-254.21149843180243,2030571.3708623648,2355857.7951336442,0.0
0.06722689075630252,0.013445378151260502,1.0987717800370091,171.22448594130003,66.50667386949209,0.010253876157943055,-4.879267413025804,0.055378905158904916,306.2718030897532,306.27180308975375,-5.684341886080801e-13,-79437.7369777776,-79437.73697777765,-230.14454750883073,-233.90819166058725,2043582.4969677022,2341947.301743865,0.0
0.08403361344537814,0.016806722689075626,1.0199322451445516,167.51081957510036,71.23001441271083,0.011148692276019695,-4.509064100301121,0.05117715673860692,257.4377929452999,257.4377929453002,-2.8421709430404007e-13,-73662.67762138402,-73662.67762138403,-212.21407126404233,-216.27700122492752,2055450.1532414888,2330109.449152703,0.0
0.10084033613445378,0.02016806722689075,0.9470033678633423,164.0783456390957,75.2066602094311,0.011976423375061253,-4.175285122499316,0.047388818697044324,217.08099268334462,217.080992683344,6.252776074688882e-13,-68946.05139770148,-68946.05139770143,-196.6103234568018,-200.867552807986,2066335.076727814,2320024.3302634084,0.0
0.11764705882352941,0.02352941176470588,0.8794047070888626,160.89127381774256,78.56456587495745,0.01274365736881717,-3.874132769725993,0.043970787634001474,183.51662037212688,183.51662037212688,0.0,-65047.77742995385,-65047.77742995385,-182.94715470767804,-187.3194788404385,2076369.428284924,2311423.913499275,0.0
0.13445378151260504,0.026890756302521003,0.8166177551661821,157.9197120169705,81.40623123394778,0.013456279236284483,-3.6020572204912242,0.04088277364302706,155.44262443840452,155.44262443840452,0.0,-61788.8551349248,-61788.8551349248,-170.9132871149212,-175.3410402237092,2085662.484676194,2304085.287606173,0.0
0.15126050420168066,0.030252100840336135,0.7584209920100143,155.1410023286486,83.90784025645496,0.014116803195019933,-3.3354262445661713,0.03785655468877158,138.9325363204079,138.9325363204081,-1.9895196601282805e-13,-59413.020656918794,-59413.0206569188,-159.99621403271433,-164.40732574559087,2094297.6230498394,2297579.0121390554,0.0
0.1680672268907563,0.033613445378151266,0.7044779416909217,152.53622236167064,86.14058057192204,0.01472904819303502,-3.0842126594141077,0.035005320655231015,128.33278137333284,128.33278137333303,-1.9895196601282805e-13,-57518.646403738116,-57518.64640373812,-150.09977722409357,-154.44611500095792,2102344.157935807,2291735.7630916513,0.0
0.18487394957983191,0.03697478991596639,0.65466474199491,150.0912010721545,88.23647898395438,0.015294420046658496,-2.8466805334905194,0.032309368996873755,121.1483390729461,121.1483390729461,0.0,-55927.598344766884,-55927.598344766884,-140.98630504310384,-145.22786642403497,2109854.8258309057,2286219.5212925663,0.0
0.20168067226890757,0.040336134453781515,0.6086854943190708,147.79305944438386,90.21185031426108,0.01581627715773228,-2.628015769092387,0.029827558875774245,113.86004069588395,113.86004069588395,0.0,-54443.10569730604,-54443.10569730604,-132.61327711319316,-136.72715982617262,2116876.917109113,2280992.912424872,0.0
0.2184873949579832,0.04369747899159664,0.5662293203077386,145.6298499739002,92.06180478246284,0.01629814794589748,-2.42729511160052,0.02754941149959223,106.22335225674863,106.22335225674863,0.0,-53044.95139031302,-53044.95139031302,-124.92274135594646,-128.8935381407209,2123453.613791699,2276073.8693658556,0.0
0.23529411764705882,0.04705882352941177,0.5270065728276815,143.5905431748389,93.7817876651581,0.01674331985981452,-2.242957757140479,0.025457211993856293,98.41707239157344,98.41707239157344,0.0,-51733.33047975388,-51733.33047975388,-117.8585628782566,-121.67595706181578,2129624.2195750126,2271479.3607524945,0.0
0.25210084033613445,0.05042016806722689,0.4907539440025096,141.6650587739972,95.37015031751366,0.01715478140178915,-2.07357847075025,0.023534784169579576,90.59843672838545,90.59843672838569,-2.4158453015843406e-13,-50506.92318796004,-50506.923187960056,-111.36870125289511,-115.02640181025008,2135424.232455296,2267218.4188673506,0.0
0.2689075630252101,0.05378151260504201,0.457230556978949,139.84413875646396,96.82771272149535,0.017535266485600488,-1.9178715554122832,0.021767535571138943,82.88768085237484,82.88768085237484,0.0,-49362.62996180529,-49362.62996180529,-105.40484133470318,-108.89974855008195,2140885.8736390923,2263293.1338311024,0.0
0.2857142857142857,0.057142857142857134,0.426217095579935,138.119337001497,98.1571655640999,0.01788726431479925,-1.7746853934034734,0.020142395521469868,75.36752041900566,75.36752041900593,-2.7000623958883807e-13,-48295.982043229335,-48295.98204322935,-99.92243353511392,-103.25397712783129,2146038.2423570175,2259700.145096331,0.0
0.3025210084033613,0.060504201680672255,0.3975126248950825,136.48292313852312,99.36244897926451,0.018213055468497715,-1.642950229020784,0.018647222464349474,68.11523672581171,68.11523672581171,0.0,-47302.59545100914,-47302.59545100914,-94.88034572923536,-98.04988147402477,2150907.710501628,2256432.2586325826,0.0
0.31932773109243695,0.06386554621848739,0.37093293157456597,134.92782020401364,100.44851314257687,0.01851473073876884,-1.521692745100829,0.017270969405563677,61.18692925524363,61.18692925524391,-2.7711166694643907e-13,-46377.67090982169,-46377.670909821696,-90.24068853520029,-93.2510442106727,2155518.1985827223,2253479.075750547,0.0
0.3361344537815126,0.06722689075630252,0.34630926774326776,133.44755779501236,101.42104718645572,0.0187942053870199,-1.4100358241509001,0.01600368120178251,54.612418507570275,54.612418507570126,1.4921397450962104e-13,-45515.95187126421,-45515.9518712642,-85.96865214458785,-88.82377855664886,2159891.3919160995,2250827.732441239,0.0
0.3529411764705882,0.07058823529411765,0.32348711428090765,132.03622900311046,102.2861620086669,0.01905323318056529,-1.30718185136603,0.014836305052472902,48.405342394698955,48.405342394698955,0.0,-44712.175521405494,-44712.175521405494,-82.03233839478791,-84.73701605522879,2164046.934363502,2248463.7847973863,0.0
0.36974789915966383,0.07394957983193277,0.30232484250962705,130.68844168373823,103.0501358174622,0.01929342158225856,-1.2123969889123667,0.01376051201552883,42.573994617963386,42.573994617963386,0.0,-43961.45028330661,-43961.45028330661,-78.40256776279756,-80.96215450169304,2168002.628983885,2246371.9385606716,0.0
0.38655462184873945,0.0773109243697479,0.28269257014551297,129.39927206023185,103.71928947116493,0.019516244735259685,-1.1250092875104136,0.012768675574042964,37.11974311844996,37.11974311845012,-1.5631940186722204e-13,-43259.179753641016,-43259.17975364102,-75.05268034054089,-77.47291531907302,2171774.6230941196,2244536.431266116,0.0
0.40336134453781514,0.08067226890756304,0.2644712027029954,128.16422463720545,104.2998961124004,0.019723054342941953,-1.044407324675861,0.011853856180557783,32.03459107004638,32.03459107004622,1.6342482922482304e-13,-42600.97020832063,-42600.97020832063,-71.95834724330729,-74.24520348127547,2175377.5674042134,2242941.322043868,0.0
0.42016806722689076,0.08403361344537817,0.2475514283244511,126.97919197445515,104.79806800895597,0.019915091077415254,-0.9700308086404784,0.011009694613069736,27.30695102129985,27.30695102129985,0.0,-41982.783266564475,-41982.783266564475,-69.09738532183364,-71.2569455391382,2178824.76925754,2241570.843675428,0.0
0.4369747899159664,0.0873949579831933,0.23183305352184613,125.84042677859884,105.21969476415558,0.020093492118752273,-0.9013680779626767,0.0102303835960088,22.92160807834749,22.92160807834749,0.0,-41400.900844444994,-41400.900844444994,-66.44960684207925,-68.4879699395508,2182128.3046483025,2240409.611946129,0.0
0.453781512605042,0.09075630252100843,0.217224007048906,124.74450142451138,105.57039355360098,0.020259302460880105,-0.8379487435108165,0.009510584287925282,18.8635827826069,18.863582782606812,8.881784197001252e-14,-40851.992995279616,-40851.992995279616,-63.996628356072925,-65.91983046904492,2185299.1622470366,2239442.798859081,0.0
0.47058823529411764,0.09411764705882356,0.20363978409868555,123.68828360790866,105.85550519504841,0.020413481219848994,-0.7793442874150707,0.008845433079497684,15.114517703734153,15.114517703734062,9.059419880941277e-14,-40332.979414686226,-40332.979414686226,-61.721725793595816,-63.53568848416681,2188347.3365772674,2238656.1758880247,0.0
0.48739495798319327,0.09747899159663868,0.19100280402771228,122.66891009206483,106.08006704431511,0.02055690892356065,-0.7251630313772244,0.008230484484653295,11.655135294744616,11.655135294744616,0.0,-39841.06550783887,-39841.06550783887,-59.60969297731702,-61.32018219554023,2191281.923503677,2238036.217208915,0.0
0.5042016806722689,0.1008403361344538,0.1792418032906849,121.68376195349356,106.24879887064355,0.02069039440186235,-0.6750457789458534,0.007661661681088067,8.467264407434628,8.467264407434818,-1.900701818158268e-13,-39373.76109529516,-39373.761095295165,-57.646707743023654,-59.25930141162098,2194111.2085337075,2237570.1635359065,0.0
0.5210084033613445,0.10420168067226891,0.16829128632459897,120.73044168799026,106.36611124224402,0.020814681018924353,-0.6286636453060016,0.007135231878726378,5.5333244818205225,5.5333244818205225,0.0,-38928.83261751314,-38928.83261751314,-55.820202943236396,-57.34026933173615,2196842.7472888827,2237246.0202861875,0.0
0.5378151260504201,0.10756302521008404,0.15809103516251322,119.80675295409651,106.4361191906221,0.020930452239045258,-0.5857161927206512,0.006647785157279773,2.8355261097694364,2.8355261097692384,1.9806378759312793e-13,-38504.254383767526,-38504.25438376752,-54.118748420418186,-55.551433717512076,2199483.4362830063,2237052.5378735643,0.0
0.5546218487394958,0.11092436974789917,0.14858566591955097,118.91068264284473,106.46264846369536,0.021038336660464976,-0.545928574471758,0.006196202050434279,0.3566421833255067,0.3566421833256075,-1.0080825063596421e-13,-38098.20347194648,-38098.20347194648,-52.53194769275767,-53.88216836963047,2202039.5752380444,2236979.2095892886,0.0
0.5714285714285714,0.11428571428571427,0.13972422060929035,118.04038451723244,106.44924468552205,0.021138912648183475,-0.5090489339012366,0.00577762402538136,-1.919290576633797,-1.919290576633797,0.0,-37709.05367715396,-37709.05367715396,-51.050343392886724,-52.32278216530952,2204516.923377364,2237016.2589295576,0.0
0.5882352941176471,0.1176470588235294,0.13145979348240214,117.1941641194208,106.39918989501967,0.021232712574957482,-0.4748466363972158,0.005389433416144546,-4.007241882486647,-4.007241882486647,0.0,-37335.34780586913,-37335.34780586913,-49.66532844497127,-50.86443439120173,2206920.7507759263,2237154.604320415,0.0
0.6050420168067226,0.12100840336134451,0.12374918618069804,116.37046502998191,106.31552061241263,0.02132022673524693,-0.4431106887149486,0.005029235483124442,-5.921590065170683,-5.921590065170683,0.0,-36975.77019307341,-36975.77019307341,-48.3690644526083,-49.49905653952601,2209255.884712498,2237385.8177275965,0.0
0.6218487394957983,0.12436974789915964,0.11655259543684725,115.5678565478446,106.20104125753073,0.021401906889773246,-0.413647816957085,0.004694836598482069,-7.675790370276288,-7.675790370276395,1.0746958878371515e-13,-36629.138895836266,-36629.138895836266,-47.154410046235206,-48.219282143630664,2211526.750995258,2237702.0945129124,0.0
0.6386554621848739,0.12773109243697475,0.10983332867182362,114.78502259701958,106.05833860148954,0.021478169493442854,-0.3862808189997915,0.004384225546438694,-9.282224500704578,-9.282224500704578,0.0,-36294.39507024537,-36294.39507024537,-46.014855744421084,-47.01838288538776,2213737.410956766,2238096.219081148,0.0
0.6554621848739496,0.1310924369747899,0.10355754586890428,114.02075165185909,105.88979764253719,0.02154939862503604,-0.36084725383397037,0.004095558647508187,-10.752371561471907,-10.752371561471907,0.0,-35970.58672242395,-35970.58672242395,-44.944464310133704,-45.89021028196073,2215891.5948297996,2238561.5254618423,0.0
0.6722689075630252,0.134453781512605,0.09769402162791883,113.27392755883022,105.69761711017793,0.021615948687853177,-0.33719824167864226,0.003827146139975721,-12.09699824873612,-12.09699824873612,0.0,-35656.853851461274,-35656.853851461274,-43.93781647352635,-44.8291423749355,2217992.7319509145,2239091.8579864656,0.0
0.6890756302521008,0.13781512605042015,0.09221392781767458,112.54352121942293,105.48382250468188,0.02167814687657496,-0.31519719442970023,0.0035774377706940756,-13.326059321936151,-13.326059321936265,1.1368683772161603e-13,-35352.42139680741,-35352.42139680741,-42.989962716229925,-43.830035730635466,2220043.977979406,2239681.5380015923,0.0
0.7058823529411764,0.14117647058823526,0.08709063650512482,111.82858307186495,105.25027865697575,0.02173629541398484,-0.2947186947186089,0.0033450100725790615,-14.448654500685329,-14.448654500685329,0.0,-35056.59194996999,-35056.59194996999,-42.096379789253135,-42.888182065535034,2222048.2393841106,2240325.3312701522,0.0
0.7226890756302521,0.1445378151260504,0.08229954000164318,111.12823627821945,104.99870276738812,0.021790673593415043,-0.2756475947774908,0.003128556136872301,-15.473195922859814,-15.473195922859814,0.0,-34768.734987265234,-34768.734987265234,-41.25293087287403,-41.99926867707702,2224008.1955270353,2241018.413539239,0.0
0.7394957983193277,0.1478991596638656,0.07800461872826447,110.45432336526449,104.36802831343294,0.021839420263300043,-0.22360839237574498,0.0025379195083780684,-32.54106360657157,-32.54106360657151,-5.684341886080802e-14,-34158.54411158473,-34158.544111584735,-39.135151164819455,-41.276770567667384,2225890.998479046,2242753.98983315,633000.0
0.7563025210084033,0.15126050420168077,0.07443817140835556,109.80066467230745,104.00314094847357,0.021879898870263915,-0.20449503355345613,0.0023209859411253454,-18.287520231218217,-18.287520231218217,0.0,-34205.41199087065,-34205.41199087065,-38.6127954569776,-40.575244257202876,2227714.2379571707,2243756.8908236083,633000.0
0.7731092436974789,0.15462184873949583,0.07109923533290372,109.15659619320627,103.69593142067419,0.021917795260972168,-0.19305108132580223,0.0021910989127230077,-18.47408834401075,-18.47408834401075,0.0,-33956.48154548739,-33956.48154548739,-38.03429215555241,-39.89053563836211,2229507.860728662,2244600.55479557,633000.0
0.7899159663865546,0.15798319327731095,0.06794472294763505,108.52207543447219,103.38091843739801,0.02195359847227803,-0.18244366450268787,0.0020707064274372014,-19.011354899520043,-19.011354899520043,0.0,-33704.02088734037,-33704.02088734037,-37.47752341219979,-39.2351402480612,2231272.1119695357,2245464.9764401815,633000.0
0.8067226890756303,0.16134453781512612,0.06496328775217639,107.89672282826035,103.0570894761749,0.021987437285146936,-0.1724474478645497,0.0019572509665470132,-19.51596970463774,-19.51596970463777,2.842170943040401e-14,-33455.747762859944,-33455.747762859944,-36.94318065743107,-38.6076317748703,2233008.1692724,2246352.8802733906,633000.0
0.8235294117647058,0.16470588235294123,0.06214504774399759,107.28017176019529,102.7251372866146,0.022019423858727905,-0.16301877539502477,0.0018502370412453873,-19.97945073880027,-19.979450738800303,3.197442310920451e-14,-33211.67350071099,-33211.67350071099,-36.429947373238434,-38.0063147792149,2234717.1660601324,2247262.3104464477,633000.0
0.8403361344537815,0.1680672268907564,0.059480746460783274,106.67207735963893,102.38574507183387,0.022049663252388513,-0.15412067089363363,0.0017492449775677414,-20.4017465050886,-20.40174650508863,3.197442310920451e-14,-32971.647985155345,-32971.647985155345,-35.93655367347017,-37.42960061312769,2236400.167779673,2248191.3421030715,633000.0
0.8571428571428571,0.1714285714285715,0.05696175069753399,106.07211673519163,102.03956712148425,0.022078253451625444,-0.14572070513349275,0.0016539067089729451,-20.787007236830966,-20.787007236830966,0.0,-32735.448604077577,-32735.448604077577,-35.46179796372685,-36.87600915934408,2238058.17191593,2249138.134581115,633000.0
0.8739495798319328,0.17478991596638666,0.05457995189922508,105.47998603744077,101.68720881013661,0.022105286487242023,-0.13778809602869818,0.0015638728637066824,-21.13802437160459,-21.13802437160462,2.842170943040401e-14,-32502.890452004787,-32502.890452004787,-35.004566528935754,-36.344160794727976,2239692.1167333852,2250100.9860279695,633000.0
0.8907563025210083,0.17815126050420177,0.052327752316518934,104.8953998573217,101.32922987165591,0.022130848592478693,-0.13029375226818704,0.0014788132600388024,-21.456515685852708,-21.456515685852708,0.0,-32273.819360605303,-32273.819360605303,-34.56382784167031,-35.83277140884988,2241302.8834910705,2251078.324154464,633000.0
0.907563025210084,0.1815126050420169,0.05019801712656574,104.31808935962476,100.96615487247936,0.022155020746434252,-0.12321075655839202,0.0013984223909902001,-21.744633093210858,-21.744633093210886,2.842170943040401e-14,-32048.08108188436,-32048.08108188436,-34.13861698768832,-35.34064182094146,2242891.302099576,2252068.6773559717,633000.0
0.9243697478991596,0.18487394957983203,0.04818404409114062,103.74780119324339,100.59847463685895,0.022177879018441163,-0.1165141212302867,0.0013224166505118487,-22.004739155097603,-22.00473915509757,-3.197442310920451e-14,-31825.525179011063,-31825.525179011063,-33.728031912469106,-34.86665193685729,2244458.1545821265,2253070.670591813,633000.0
0.9411764705882353,0.18823529411764717,0.0462795382221892,103.18429661840486,100.22664539638578,0.022199494855607554,-0.1101803744567822,0.0012505296371183956,-22.238743396938442,-22.238743396938442,0.0,-31606.01732572988,-31606.01732572988,-33.331232775200206,-34.409756315598926,2246004.177898401,2254083.027443396,633000.0
0.9579831932773109,0.19159663865546228,0.044478587192404176,102.62735058847863,99.85109172597942,0.022219935361903243,-0.10418752615048056,0.0011825117668331157,-22.448278667494723,-22.448278667494723,0.0,-31389.43517798546,-31389.43517798546,-32.94743677921799,-33.96897888201555,2247530.066857377,2255104.561833154,633000.0
0.9747899159663865,0.19495798319327742,0.042775636015285154,102.07675080451531,99.47221002198211,0.022239263585537013,-0.09851508901771651,0.0011181305121479197,-22.635007577153143,-22.635007577153143,0.0,-31175.66189661647,-31175.66189661647,-32.575912391440454,-33.5434075560516,2249036.477070031,2256134.168288768,633000.0
0.9915966386554621,0.19831932773109257,0.04116546254715257,101.53229683985313,99.09037008174852,0.022257538797004834,-0.0931439327239215,0.001057168746823549,-22.80053587889324,-22.80053587889324,0.0,-30964.587333718184,-30964.587333718184,-32.21597600997479,-33.132189680379675,2250524.0276770294,2257170.817390132,633000.0
1.0084033613445378,0.20168067226890768,0.039643155536372744,100.9937993583402,98.70591636671207,0.02227481673822766,-0.08805613559370913,0.0009994230627092503,-22.946293164943793,-22.94629316494378,-1.4210854715202004e-14,-30756.109846004874,-30756.109846004874,-31.866989181644534,-32.73452795062578,2251993.303790517,2258213.552079666,633000.0
1.0252100840336134,0.2050420168067228,0.03820409496050553,100.46107939943658,98.31916991381621,0.022291149845721652,-0.08323492313137021,0.0009447030719602239,-23.07359236735157,-23.0735923673516,3.197442310920451e-14,-30550.13473101678,-30550.13473101678,-31.528355154726096,-32.34967651561557,2253444.858726549,2259261.4822199326,633000.0
1.042016806722689,0.2084033613445379,0.03684393355833458,99.93396770923158,97.93043013887643,0.022306587460206674,-0.07866461211422533,0.0008928307725061121,-23.183689839952372,-23.183689839952354,-1.7763568394002505e-14,-30346.572713974976,-30346.572713974976,-31.199515657067515,-31.97693734533322,2254879.216088019,2260313.779459836,633000.0
1.0588235294117647,0.21176470588235308,0.03555857925517346,99.41230411286864,97.53997618373148,0.022321176026076278,-0.07433052452179774,0.0008436395711608692,-23.27776374241335,-23.277763742413367,1.7763568394002505e-14,-30145.340017121132,-30145.340017121132,-30.879948316582833,-31.6156569312259,2256296.87171254,2261369.6733507854,633000.0
1.0756302521008403,0.2151260504201682,0.0343441787886877,98.89593693029167,97.1480681885144,0.022334959277241998,-0.07021890959731512,0.0007969733990332674,-23.356897812711022,-23.356897812711004,-1.7763568394002505e-14,-29946.358348242342,-29946.358348242342,-30.569164255687934,-31.265223227571976,2257698.2954820124,2262428.447676618,633000.0
1.0924369747899159,0.2184873949579833,0.033197103195373744,98.38472245548968,96.75494859520484,0.022347978401859484,-0.06631688808233185,0.000752686078598772,-23.42210057532556,-23.422100575325544,-1.4210854715202004e-14,-29749.55425879018,-29749.55425879018,-30.266705743530345,-30.925062858681066,2259083.932941155,2263489.436711159,633000.0
1.1092436974789917,0.22184873949579847,0.032113932487453166,97.87852441072317,96.36084343708023,0.02236027221624332,-0.06261239553237796,0.0007106406803412198,-23.474322789243676,-23.474322789243693,1.7763568394002505e-14,-29554.85854307816,-29554.85854307816,-29.97214386979956,-30.594638329165818,2260454.2069667373,2264552.0215277593,633000.0
1.1260504201680672,0.2252100840336136,0.031091442250937316,97.37721347104741,95.96596340288278,0.022371877316976835,-0.059094123000143016,0.0006707088495164376,-23.514452165514694,-23.514452165514708,1.4210854715202004e-14,-29362.206097313465,-29362.20609731346,-29.685076590472985,-30.273445570823824,2261809.5192300486,2265615.6269303234,633000.0
1.1428571428571428,0.2285714285714287,0.030126592302950554,96.88066686047853,95.5705047860364,0.022382828209649677,-0.05575146580410161,0.0006327702246843313,-23.543310406488217,-23.543310406488217,0.0,-29171.53576719941,-29171.53576719941,-29.40512700761587,-29.961011795340553,2263150.2514512916,2266679.718705868,633000.0
1.1596638655462184,0.23193277310924382,0.029216515586903222,96.38876795679039,95.17465045974211,0.02239315743489582,-0.052574480978013365,0.0005967119547675128,-23.561665790931315,-23.561665790931297,-1.7763568394002505e-14,-28982.789918607,-28982.789918607,-29.131941645240616,-29.656893422097696,2264476.766617946,2267743.8008189625,633000.0
1.1764705882352942,0.23529411764705896,0.028358507111958798,95.90140590016472,94.77857079381727,0.022402895693928854,-0.049553843947664426,0.0005624282073392417,-23.570240139754347,-23.570240139754347,0.0,-28795.914122435104,-28795.914122435104,-28.865188818053475,-29.360674084608107,2265789.4101806474,2268807.4127751025,633000.0
1.1932773109243697,0.23865546218487407,0.02755001356918594,95.41847522702835,94.38242447107137,0.022412071966396985,-0.046680804445022824,0.0005298196682561359,-23.569706378246202,-23.56970637824621,7.105427357601002e-15,-28610.857027763454,-28610.857027763454,-28.604557164018473,-29.071962786820354,2267088.5111697395,2269870.1272657164,633000.0
1.2100840336134453,0.2420168067226892,0.02678862399061357,94.93987554018042,93.98635925157078,0.022420713616401283,-0.04394714830655566,0.0004987931080751781,-23.560690717822904,-23.56069071782289,-1.4210854715202004e-14,-28427.570167332546,-28427.570167332546,-28.349754289690225,-28.790392225103563,2268374.383203685,2270931.547963919,633000.0
1.2268907563025209,0.2453781512605043,0.0260720612019876,94.46551120680431,93.59051269806548,0.022428846489505508,-0.041345164368765105,0.00046926100632334187,-23.54377948224305,-23.54377948224305,0.0,-28246.007692692376,-28246.007692692376,-28.100505502015753,-28.515617242563394,2269647.32541306,2271991.307434953,633000.0
1.2436974789915967,0.24873949579831947,0.025398173725151726,93.99529107324912,93.19501284154893,0.022436495004642808,-0.03886761193048204,0.00044114118219982525,-23.51952196518815,-23.51952196518815,0.0,-28066.126192686166,-28066.126192686166,-27.85655264071011,-28.247313384980124,2270907.623310876,2273049.0652171625,633000.0
1.2605042016806722,0.25210084033613456,0.024764928074568336,93.52912819433158,92.79997879691564,0.02244368224154897,-0.03650768917876067,0.00041435643621500243,-23.488430744228545,-23.488430744228538,-7.105427357601002e-15,-27887.88456704761,-27887.88456704761,-27.61765299548654,-27.985175546906877,2272155.549615899,2274104.5060460754,633000.0
1.2773109243697478,0.25546218487394967,0.024170401555488677,93.06693958028575,92.40552134732121,0.022450430022502046,-0.034259004828087615,0.0003888342282999803,-23.450984446231505,-23.450984446231512,7.105427357601002e-15,-27711.243864496882,-27711.243864496882,-27.383578286783568,-27.728916709525627,2273391.3650212153,2275157.338171263,633000.0
1.2941176470588234,0.2588235294117648,0.023612775592455396,92.60864596243175,92.0117434903911,0.02245675898804276,-0.03211555225530598,0.0003645063842421213,-23.407631270966327,-23.407631270966327,0.0,-27536.16711661559,-27536.16711661559,-27.154113718569313,-27.478266772068732,2274615.3189057996,2276207.2917838655,633000.0
1.3109243697478992,0.26218487394957996,0.023090329510907757,92.15417157508045,91.61874093965673,0.022462688667552314,-0.030071684782696926,0.00034130881515197047,-23.358790629840477,-23.35879062984047,-7.105427357601002e-15,-27362.619214320624,-27362.619214320624,-26.92905710837803,-27.23297146872738,2275827.649996353,2277254.1175718657,633000.0
1.3277310924369747,0.26554621848739507,0.022601434694299646,91.70344395084362,91.22660259232828,0.022468237545568173,-0.02812209249302606,0.0003191812543177383,-23.30485443869832,-23.304854438698325,3.552713678800501e-15,-27190.566797445896,-27190.566797445896,-26.70821807730227,-26.992791357898945,2277028.5869874908,2278297.585372852,633000.0
1.3445378151260503,0.2689075630252102,0.02214454909127433,91.25639372832063,90.83541097104825,0.02247342312412672,-0.02626178097862153,0.000298067016010734,-23.246189340929362,-23.246189340929362,0.0,-27019.978133706965,-27019.978133706965,-26.491417288706796,-26.757500876876943,2278218.3491234947,2279337.4829034456,633000.0
1.361344537815126,0.27226890756302535,0.021718212071986008,90.81295447214723,90.44524263571975,0.02247826198114322,-0.024486051480855982,0.00027791277007166063,-23.18313867592383,-23.18313867592383,0.0,-26850.8230083736,-26850.8230083736,-26.278485739978194,-26.526887461068508,2279397.146742093,2280373.61457535,633000.0
1.3781512605042017,0.27563025210084047,0.021321039620761834,90.3730625049426,90.05616856497215,0.022482769824974318,-0.022790482140001702,0.0002586683290994684,-23.116023706104315,-23.116023706104315,0.0,-26683.072633026783,-26683.072633026783,-26.069264106963242,-26.300750724773195,2280565.181781914,2281405.8003986957,633000.0
1.3949579831932772,0.2789915966386556,0.02095171983591745,89.9366567500706,89.66825451315555,0.02248696154549441,-0.02117091059198061,0.00024028645092724895,-23.045144968152947,-23.04514496815294,-7.105427357601002e-15,-26516.699557148582,-26516.699557148582,-25.863602132253316,-26.078901697276038,2281722.6482568826,2282433.8749565477,633000.0
1.4117647058823528,0.2823529411764707,0.020609008707258535,89.50367858418292,89.28156134543457,0.022490851262020346,-0.019623417844650076,0.00022272265562065674,-22.97078386315636,-22.97078386315636,0.0,-26351.677579989737,-26351.677579989737,-25.661358052728584,-25.861162109184306,2282869.732700636,2283457.6864433675,633000.0
1.4285714285714286,0.28571428571428586,0.020291726152499624,89.07407169890058,88.89614535017603,0.02249445236829742,-0.01814431312008085,0.00020593505344018693,-22.893203922566208,-22.893203922566208,0.0,-26187.981672514474,-26187.981672514474,-25.462398066451325,-25.647363726086997,2284006.614582989,2284477.095769154,633000.0
1.4453781512605042,0.289075630252101,0.019998752300562063,88.6477819711696,88.51205853021014,0.022497777574683357,-0.016730119626739332,0.00018988418335771822,-22.812651820925485,-22.81265182092549,3.552713678800501e-15,-26025.58790782956,-26025.58790782956,-25.26659583619785,-25.437347726609698,2285133.466699958,2285491.9757247064,633000.0
1.4621848739495797,0.2924369747899161,0.019729024007770678,88.22475734176749,88.12934887579297,0.022500838947688923,-0.01537756133947238,0.00017453286301145391,-22.729358493325304,-22.729358493325304,0.0,-25864.47339335806,-25864.47339335806,-25.073832025318673,-25.230964121491592,2286250.45553901,2286502.2102001524,633000.0
1.4789915966386553,0.2957983193277312,0.01948153158977012,87.80494770136937,87.74806062015773,0.022503647947070146,-0.014083550669223736,0.00015984604875917435,-22.64354024456469,-22.64354024456469,0.0,-25704.616206501774,-25704.616206501774,-24.88399386403948,-25.028071210731124,2287357.7416213434,2287507.6934540635,633000.0
1.495798319327731,0.2991596638655464,0.019255315753329363,87.38830478362513,87.36823447809434,0.022506215460651846,-0.01284517687779887,0.00014579070418766982,-22.555399656152044,-22.555399656152044,0.0,-25545.995336996857,-25545.995336996857,-24.696974744954982,-24.828535076196204,2288455.479822882,2288508.3294316814,633000.0
1.5126050420168067,0.3025210084033615,0.019049464715553226,86.97478206478792,86.98990786916062,0.022508551837024132,-0.011659695232526019,0.00013233567701987712,-22.465126416209326,-22.465126416209326,0.0,-25388.590633472744,-25388.590633472744,-24.51267384508797,-24.63222910712702,2289543.8196754004,2289504.0311277085,633000.0
1.5294117647058822,0.3058823529411766,0.018863111499426564,86.56433466949176,86.61311512694687,0.02251066691623754,-0.010524516891839518,0.00011945158431786717,-22.37289817580934,-22.37289817580934,0.0,-25232.382752151887,-25232.382752151887,-24.33099577218955,-24.439033556218895,2290622.9056490487,2290494.7199896406,633000.0
1.5462184873949578,0.3092436974789917,0.018695431394482265,86.15691928229057,86.23788769494934,0.02251257005862403,-0.009437199434707765,0.0001071107049933663,-22.27888133797645,-22.27888133797645,0.0,-25077.35310918243,-25077.35310918243,-24.151850234095548,-24.24883512430366,2291692.877417466,2291480.3253599056,633000.0
1.5630252100840336,0.31260504201680694,0.01853865212079674,85.75247373615571,85.8536366419209,0.02251434947831829,-0.009621323401996687,0.0001092004825888212,-23.830239530454197,-23.830239530454197,0.0,-24893.992809991538,-24893.992809991538,-23.982394443434572,-24.081381561949645,2292753.9234092287,2292488.631988406,633000.0
1.5798319327731092,0.315966386554622,0.018376462584916632,85.35065522987918,85.45186134077659,0.022516190303623597,-0.009639334388708584,0.00010940490440884148,-23.882042431482255,-23.882042431482255,0.0,-24738.512586939025,-24738.512586939025,-23.834697201951617,-23.933978993125333,2293806.9662483525,2293541.840482727,633000.0
1.5966386554621848,0.3193277310924371,0.018214947028336193,84.95129754976188,85.0516804125462,0.022518023479371596,-0.009574517070713703,0.0001086692382110204,-23.72867058921002,-23.72867058921002,0.0,-24587.650646896116,-24587.650646896116,-23.689013551666005,-23.78773560144464,2294852.4625696354,2294589.7687272173,633000.0
1.6134453781512605,0.3226890756302523,0.01805451414147273,84.55438182997239,84.6540055740133,0.022519844366991375,-0.009515570631420748,0.00010800020554797244,-23.589699686724146,-23.589699686724146,0.0,-24437.467991934795,-24437.467991934795,-23.544148861090267,-23.642369542002985,2295890.4819105607,2295630.046139665,633000.0
1.6302521008403361,0.32605042016806735,0.017895093759856023,84.15989282348335,84.25873296479028,0.022521653762838458,-0.009454030503454862,0.00010730173493310276,-23.444167265172773,-23.444167265172773,0.0,-24288.3338827251,-24288.3338827251,-23.40021088498025,-23.49790132067273,2296921.084030558,2296662.9644953595,633000.0
1.6470588235294117,0.3294117647058824,0.017736702460139454,83.76781535345378,83.86589662652614,0.022523451478770485,-0.009394610772297888,0.00010662733048305665,-23.30375537527324,-23.30375537527324,0.0,-24140.033600043174,-24140.033600043174,-23.257130861291365,-23.354310873428783,2297944.328219228,2297688.45451669,633000.0
1.6638655462184873,0.3327731092436975,0.01757932076937336,83.3781331172463,83.47544710343783,0.02252523773580231,-0.00933413655844117,0.00010594095782293352,-23.16059648874286,-23.16059648874286,0.0,-23992.701537270354,-23992.701537270354,-23.114945333420792,-23.211601957737614,2298960.276416284,2298706.664803927,633000.0
1.680672268907563,0.3361344537815127,0.017422948394197828,82.99083281328598,83.08738697073107,0.02252701253726353,-0.00927413313773537,0.00010525992858981435,-23.018473064447214,-23.018473064447214,0.0,-23846.265004923185,-23846.265004923185,-22.97362894918445,-23.069765017551234,2299968.982456367,2299717.607830914,633000.0
1.6974789915966386,0.3394957983193278,0.01726757906931389,82.60590038300938,82.70170311863222,0.022528775954264287,-0.00921469581666272,0.00010458532449703714,-22.877623769989423,-22.877623769989423,0.0,-23700.714380450045,-23700.714380450045,-22.833175242665085,-22.928794610876913,2300970.501884091,2300721.33678038,633000.0
1.7142857142857142,0.3428571428571429,0.01711320545710184,82.22332137111158,82.31837954800613,0.022530528070085383,-0.009155679893284092,0.00010391550320072425,-22.737691806329735,-22.737691806329735,0.0,-23556.0505180377,-23556.0505180377,-22.69358082195933,-22.788685880432173,2301964.891010412,2301717.9120877143,633000.0
1.7310924369747898,0.34621848739495803,0.016959820688406495,81.84308133876681,81.9374013481625,0.022532268962690637,-0.00909704341181465,0.00010324998850942462,-22.598575030760852,-22.598575030760852,0.0,-23412.26972610121,-23412.26972610121,-22.55484092448631,-22.649433660038756,2302952.2058373117,2302707.3910793588,633000.0
1.7478991596638656,0.3495798319327732,0.016807418476899882,81.46516664094054,81.55875491967566,0.022533998703428867,-0.009038794197045168,0.00010258886923326275,-22.460294776935424,-22.460294776935424,0.0,-23269.36641396185,-23269.36641396185,-22.416950411642674,-22.511032923315685,2303932.5000450374,2303689.8274116856,633000.0
1.7647058823529411,0.3529411764705883,0.01665599197972379,81.0895624433686,81.18242544563901,0.022535717369965423,-0.008980937389655622,0.00010193220371813458,-22.32286573938108,-22.32286573938108,0.0,-23127.334652072645,-23127.334652072645,-22.279903744756524,-22.373478216140345,2304905.830140824,2304665.2776415884,633000.0
1.7815126050420167,0.35630252100840343,0.016505535177147108,80.71625575052826,80.80839986367494,0.02253742503062328,-0.00892346989803583,0.00010127995687475875,-22.186282115276,-22.186282115276,0.0,-22986.16958314617,-22986.16958314617,-22.143696170789905,-22.23676478357912,2305872.2476108945,2305633.7935210094,633000.0
1.7983193277310923,0.35966386554621854,0.01635604118346964,80.34523168809665,80.43666321938957,0.02253912176355405,-0.008866387363282834,0.0001006320792302835,-22.05053496288674,-22.05053496288674,0.0,-22845.865682614698,-22845.865682614698,-22.00832226469997,-22.100887185471567,2306831.8085559662,2306595.431450184,633000.0
1.815126050420168,0.3630252100840337,0.016207503333661926,79.97647582849413,80.06720102195249,0.022540807644404737,-0.008809686995086354,9.998853911513317e-05,-21.915619201489196,-21.915619201489196,0.0,-22706.4175283491,-22706.4175283491,-21.87377674474516,-21.965840140725845,2307784.5676639327,2307550.246371094,633000.0
1.8319327731092436,0.3663865546218488,0.016059915190342305,79.60997421720828,79.69999925821804,0.022542482746238605,-0.0087533663937241,9.93493092928434e-05,-21.78153068713681,-21.78153068713681,0.0,-22567.81986295346,-22567.81986295346,-21.740054497940022,-21.83161854053518,2308730.5781498887,2308498.291739206,633000.0
1.8487394957983192,0.36974789915966394,0.015913270423279363,79.2457131192158,79.33504413121216,0.02254414714090276,-0.008697422787811463,9.87143583086419e-05,-21.648264323167602,-21.648264323167602,0.0,-22430.067529879936,-22430.067529879936,-21.607150497233427,-21.698217357665392,2309669.8924178593,2309439.6202058997,633000.0
1.8655462184873948,0.37310924369747905,0.01576756274049067,78.88367886755572,78.97232191159878,0.0225458008998102,-0.008641853319816211,9.80836537299946e-05,-21.515814772721967,-21.515814772721967,0.0,-22293.155402496588,-22293.155402496588,-21.475059742102253,-21.565631590065337,2310602.5624555945,2310374.284005879,633000.0
1.8823529411764706,0.37647058823529417,0.015622785879180175,78.52385784206342,78.6118189186206,0.022547444094042662,-0.0085866552623979,9.74571646020235e-05,-21.384176997634192,-21.384176997634192,0.0,-22157.078366330457,-22157.078366330457,-21.34377724783478,-21.433856252426274,2311528.639892217,2311302.335009169,633000.0
1.8991596638655461,0.3798319327731093,0.015478933615980872,78.16623649250204,78.25352154248509,0.022549076794234364,-0.008531825945951806,9.683486062514167e-05,-21.2533460783122,-21.2533460783122,0.0,-22021.831331179827,-22021.831331179827,-21.21329805498579,-21.302886384882534,2312448.175941433,2312223.8246662654,633000.0
1.9159663865546217,0.3831932773109244,0.015335999773715043,77.81080135407905,77.89741625922494,0.022550699070495284,-0.008477362694649122,9.621671142911994e-05,-21.123317054591222,-21.123317054591222,0.0,-21887.409239917975,-21887.409239917975,-21.083617235924667,-21.172717058892093,2313361.2213646034,2313138.803972912,633000.0
1.9327731092436975,0.38655462184873957,0.015193978222070125,77.45753904905757,77.54348963248407,0.022552310992403492,-0.008423262843884387,9.560268677111225e-05,-20.994084969463213,-20.994084969463213,0.0,-21753.807068341517,-21753.807068341517,-20.95472989518577,-21.043343377775344,2314267.826469686,2314047.323468613,633000.0
1.949579831932773,0.3899159663865547,0.015052862874473879,77.10643628062371,77.19172830752433,0.02255391262904061,-0.00836952375470142,9.499275669938783e-05,-20.86564490545551,-20.86564490545551,0.0,-21621.019822172588,-21621.019822172588,-20.826631167018444,-20.9147604744244,2315168.0411300114,2314949.43325508,633000.0
1.9663865546218486,0.3932773109243698,0.01491264769172268,76.75747983944882,76.84211901790155,0.022555504048950632,-0.008316142825390595,9.43868916849583e-05,-20.737992013726817,-20.737992013726817,0.0,-21489.04253907343,-21489.04253907343,-20.69931621763344,-20.786963513676856,2316061.9147704397,2315845.1829821174,633000.0
1.9831932773109242,0.3966386554621849,0.01477332667334128,76.41065658797936,76.494648569442,0.022557085320237997,-0.008263117461750565,9.37850622840531e-05,-20.611121440683867,-20.611121440683867,0.0,-21357.87028391399,-21357.87028391399,-20.57278023983226,-20.659947686642038,2316949.496410551,2316734.6218916466,633000.0
2.0,0.4000000000000001,0.014634893866813797,76.06595347763937,76.14930385765211,0.022558656510462804,-0.008210445097486715,9.318723936963855e-05,-20.485028378731943,-20.485028378731943,0.0,-21227.49815449345,-21227.49815449345,-20.44701845904001,-20.533708216950824,2317830.83462347,2317617.798776015,633000.0
